layer,asset_type,asset_name,geometry_type,authority,confidence,spatial_precision,field_verification_required,osm_type,osm_id
asset_beach_house,building,63rd Street Beach House / Pavilion,Polygon,CPD facility confirmation + OSM geometry with Chicago building ID,high,building footprint,yes,way,125954267
asset_parking,parking,63rd Street Beach pay-and-display parking lot,Polygon,CPD facility confirmation + OSM geometry,high,mapped lot polygon,yes,way,125954275
asset_dunes,natural area,63rd Street Beach Dunes - north and south sections,MultiPolygon,CPD confirms approximately 12 acres; OSM community geometry,medium,mapped multipolygon,yes,relation,20660684
asset_beach,beach,63rd Street Beach sand/operational beach candidate,Polygon,CPD facility confirmation + OSM geometry,medium,mapped beach polygon,yes,way,24925308
asset_boat_launch,boat launch,Non-motorized boat launch,LineString,CPD facility confirmation + OSM slipway geometry,high,mapped slipway centerline,yes,way,32972642
asset_boat_launch,boat launch,Non-motorized boat launch,LineString,CPD facility confirmation + OSM slipway geometry,high,mapped slipway centerline,yes,way,890494646
asset_underpasses,underpass,Pedestrian underpass connections,LineString,OSM tunnel geometry; CPD dunes description confirms underpass connection,medium,mapped tunnel centerlines,yes,way,24925364
asset_underpasses,underpass,Pedestrian underpass connections,LineString,OSM tunnel geometry; CPD dunes description confirms underpass connection,medium,mapped tunnel centerlines,yes,way,1187687380
asset_paths,path,"Beach walks, access paths and Lakefront Trail segments",LineString,OSM working geometry; CPD confirms ADA beach walk and paved dune-edge paths,medium,mapped centerlines,yes,way,24826540
asset_paths,path,"Beach walks, access paths and Lakefront Trail segments",LineString,OSM working geometry; CPD confirms ADA beach walk and paved dune-edge paths,medium,mapped centerlines,yes,way,24925363
asset_paths,path,"Beach walks, access paths and Lakefront Trail segments",LineString,OSM working geometry; CPD confirms ADA beach walk and paved dune-edge paths,medium,mapped centerlines,yes,way,24925364
asset_paths,path,"Beach walks, access paths and Lakefront Trail segments",LineString,OSM working geometry; CPD confirms ADA beach walk and paved dune-edge paths,medium,mapped centerlines,yes,way,30679034
asset_paths,path,"Beach walks, access paths and Lakefront Trail segments",LineString,OSM working geometry; CPD confirms ADA beach walk and paved dune-edge paths,medium,mapped centerlines,yes,way,32972173
asset_paths,path,"Beach walks, access paths and Lakefront Trail segments",LineString,OSM working geometry; CPD confirms ADA beach walk and paved dune-edge paths,medium,mapped centerlines,yes,way,33171451
asset_paths,path,"Beach walks, access paths and Lakefront Trail segments",LineString,OSM working geometry; CPD confirms ADA beach walk and paved dune-edge paths,medium,mapped centerlines,yes,way,33171461
asset_paths,path,"Beach walks, access paths and Lakefront Trail segments",LineString,OSM working geometry; CPD confirms ADA beach walk and paved dune-edge paths,medium,mapped centerlines,yes,way,33171509
asset_paths,path,"Beach walks, access paths and Lakefront Trail segments",LineString,OSM working geometry; CPD confirms ADA beach walk and paved dune-edge paths,medium,mapped centerlines,yes,way,33782188
asset_paths,path,"Beach walks, access paths and Lakefront Trail segments",LineString,OSM working geometry; CPD confirms ADA beach walk and paved dune-edge paths,medium,mapped centerlines,yes,way,78088804
asset_paths,path,"Beach walks, access paths and Lakefront Trail segments",LineString,OSM working geometry; CPD confirms ADA beach walk and paved dune-edge paths,medium,mapped centerlines,yes,way,112726443
asset_paths,path,"Beach walks, access paths and Lakefront Trail segments",LineString,OSM working geometry; CPD confirms ADA beach walk and paved dune-edge paths,medium,mapped centerlines,yes,way,125510117
asset_paths,path,"Beach walks, access paths and Lakefront Trail segments",LineString,OSM working geometry; CPD confirms ADA beach walk and paved dune-edge paths,medium,mapped centerlines,yes,way,125771938
asset_paths,path,"Beach walks, access paths and Lakefront Trail segments",LineString,OSM working geometry; CPD confirms ADA beach walk and paved dune-edge paths,medium,mapped centerlines,yes,way,125771941
asset_paths,path,"Beach walks, access paths and Lakefront Trail segments",LineString,OSM working geometry; CPD confirms ADA beach walk and paved dune-edge paths,medium,mapped centerlines,yes,way,125954271
asset_paths,path,"Beach walks, access paths and Lakefront Trail segments",LineString,OSM working geometry; CPD confirms ADA beach walk and paved dune-edge paths,medium,mapped centerlines,yes,way,180827781
asset_paths,path,"Beach walks, access paths and Lakefront Trail segments",LineString,OSM working geometry; CPD confirms ADA beach walk and paved dune-edge paths,medium,mapped centerlines,yes,way,180827788
asset_paths,path,"Beach walks, access paths and Lakefront Trail segments",LineString,OSM working geometry; CPD confirms ADA beach walk and paved dune-edge paths,medium,mapped centerlines,yes,way,220417722
asset_paths,path,"Beach walks, access paths and Lakefront Trail segments",LineString,OSM working geometry; CPD confirms ADA beach walk and paved dune-edge paths,medium,mapped centerlines,yes,way,285288065
asset_paths,path,"Beach walks, access paths and Lakefront Trail segments",LineString,OSM working geometry; CPD confirms ADA beach walk and paved dune-edge paths,medium,mapped centerlines,yes,way,359847732
asset_paths,path,"Beach walks, access paths and Lakefront Trail segments",LineString,OSM working geometry; CPD confirms ADA beach walk and paved dune-edge paths,medium,mapped centerlines,yes,way,402322101
asset_paths,path,"Beach walks, access paths and Lakefront Trail segments",LineString,OSM working geometry; CPD confirms ADA beach walk and paved dune-edge paths,medium,mapped centerlines,yes,way,402322104
asset_paths,path,"Beach walks, access paths and Lakefront Trail segments",LineString,OSM working geometry; CPD confirms ADA beach walk and paved dune-edge paths,medium,mapped centerlines,yes,way,402322105
asset_paths,path,"Beach walks, access paths and Lakefront Trail segments",LineString,OSM working geometry; CPD confirms ADA beach walk and paved dune-edge paths,medium,mapped centerlines,yes,way,402322106
asset_paths,path,"Beach walks, access paths and Lakefront Trail segments",LineString,OSM working geometry; CPD confirms ADA beach walk and paved dune-edge paths,medium,mapped centerlines,yes,way,402322108
asset_paths,path,"Beach walks, access paths and Lakefront Trail segments",LineString,OSM working geometry; CPD confirms ADA beach walk and paved dune-edge paths,medium,mapped centerlines,yes,way,436491358
asset_paths,path,"Beach walks, access paths and Lakefront Trail segments",LineString,OSM working geometry; CPD confirms ADA beach walk and paved dune-edge paths,medium,mapped centerlines,yes,way,436491359
asset_paths,path,"Beach walks, access paths and Lakefront Trail segments",LineString,OSM working geometry; CPD confirms ADA beach walk and paved dune-edge paths,medium,mapped centerlines,yes,way,436654759
asset_paths,path,"Beach walks, access paths and Lakefront Trail segments",LineString,OSM working geometry; CPD confirms ADA beach walk and paved dune-edge paths,medium,mapped centerlines,yes,way,558837559
asset_paths,path,"Beach walks, access paths and Lakefront Trail segments",LineString,OSM working geometry; CPD confirms ADA beach walk and paved dune-edge paths,medium,mapped centerlines,yes,way,558837564
asset_paths,path,"Beach walks, access paths and Lakefront Trail segments",LineString,OSM working geometry; CPD confirms ADA beach walk and paved dune-edge paths,medium,mapped centerlines,yes,way,655146618
asset_paths,path,"Beach walks, access paths and Lakefront Trail segments",LineString,OSM working geometry; CPD confirms ADA beach walk and paved dune-edge paths,medium,mapped centerlines,yes,way,890494647
asset_paths,path,"Beach walks, access paths and Lakefront Trail segments",LineString,OSM working geometry; CPD confirms ADA beach walk and paved dune-edge paths,medium,mapped centerlines,yes,way,890494648
asset_paths,path,"Beach walks, access paths and Lakefront Trail segments",LineString,OSM working geometry; CPD confirms ADA beach walk and paved dune-edge paths,medium,mapped centerlines,yes,way,934512825
asset_paths,path,"Beach walks, access paths and Lakefront Trail segments",LineString,OSM working geometry; CPD confirms ADA beach walk and paved dune-edge paths,medium,mapped centerlines,yes,way,934512828
asset_paths,path,"Beach walks, access paths and Lakefront Trail segments",LineString,OSM working geometry; CPD confirms ADA beach walk and paved dune-edge paths,medium,mapped centerlines,yes,way,934512830
asset_paths,path,"Beach walks, access paths and Lakefront Trail segments",LineString,OSM working geometry; CPD confirms ADA beach walk and paved dune-edge paths,medium,mapped centerlines,yes,way,934512831
asset_paths,path,"Beach walks, access paths and Lakefront Trail segments",LineString,OSM working geometry; CPD confirms ADA beach walk and paved dune-edge paths,medium,mapped centerlines,yes,way,934512832
asset_paths,path,"Beach walks, access paths and Lakefront Trail segments",LineString,OSM working geometry; CPD confirms ADA beach walk and paved dune-edge paths,medium,mapped centerlines,yes,way,950297227
asset_paths,path,"Beach walks, access paths and Lakefront Trail segments",LineString,OSM working geometry; CPD confirms ADA beach walk and paved dune-edge paths,medium,mapped centerlines,yes,way,1004147318
asset_paths,path,"Beach walks, access paths and Lakefront Trail segments",LineString,OSM working geometry; CPD confirms ADA beach walk and paved dune-edge paths,medium,mapped centerlines,yes,way,1004147321
asset_paths,path,"Beach walks, access paths and Lakefront Trail segments",LineString,OSM working geometry; CPD confirms ADA beach walk and paved dune-edge paths,medium,mapped centerlines,yes,way,1004147442
asset_paths,path,"Beach walks, access paths and Lakefront Trail segments",LineString,OSM working geometry; CPD confirms ADA beach walk and paved dune-edge paths,medium,mapped centerlines,yes,way,1004147443
asset_paths,path,"Beach walks, access paths and Lakefront Trail segments",LineString,OSM working geometry; CPD confirms ADA beach walk and paved dune-edge paths,medium,mapped centerlines,yes,way,1004147444
asset_paths,path,"Beach walks, access paths and Lakefront Trail segments",LineString,OSM working geometry; CPD confirms ADA beach walk and paved dune-edge paths,medium,mapped centerlines,yes,way,1004147445
asset_paths,path,"Beach walks, access paths and Lakefront Trail segments",LineString,OSM working geometry; CPD confirms ADA beach walk and paved dune-edge paths,medium,mapped centerlines,yes,way,1018375446
asset_paths,path,"Beach walks, access paths and Lakefront Trail segments",LineString,OSM working geometry; CPD confirms ADA beach walk and paved dune-edge paths,medium,mapped centerlines,yes,way,1018375447
asset_paths,path,"Beach walks, access paths and Lakefront Trail segments",LineString,OSM working geometry; CPD confirms ADA beach walk and paved dune-edge paths,medium,mapped centerlines,yes,way,1018375448
asset_paths,path,"Beach walks, access paths and Lakefront Trail segments",LineString,OSM working geometry; CPD confirms ADA beach walk and paved dune-edge paths,medium,mapped centerlines,yes,way,1036338500
asset_paths,path,"Beach walks, access paths and Lakefront Trail segments",LineString,OSM working geometry; CPD confirms ADA beach walk and paved dune-edge paths,medium,mapped centerlines,yes,way,1039035335
asset_paths,path,"Beach walks, access paths and Lakefront Trail segments",Polygon,OSM working geometry; CPD confirms ADA beach walk and paved dune-edge paths,medium,mapped centerlines,yes,way,1039035340
asset_paths,path,"Beach walks, access paths and Lakefront Trail segments",LineString,OSM working geometry; CPD confirms ADA beach walk and paved dune-edge paths,medium,mapped centerlines,yes,way,1039035341
asset_paths,path,"Beach walks, access paths and Lakefront Trail segments",LineString,OSM working geometry; CPD confirms ADA beach walk and paved dune-edge paths,medium,mapped centerlines,yes,way,1039035342
asset_paths,path,"Beach walks, access paths and Lakefront Trail segments",LineString,OSM working geometry; CPD confirms ADA beach walk and paved dune-edge paths,medium,mapped centerlines,yes,way,1039035343
asset_paths,path,"Beach walks, access paths and Lakefront Trail segments",LineString,OSM working geometry; CPD confirms ADA beach walk and paved dune-edge paths,medium,mapped centerlines,yes,way,1039035349
asset_paths,path,"Beach walks, access paths and Lakefront Trail segments",LineString,OSM working geometry; CPD confirms ADA beach walk and paved dune-edge paths,medium,mapped centerlines,yes,way,1063068379
asset_paths,path,"Beach walks, access paths and Lakefront Trail segments",LineString,OSM working geometry; CPD confirms ADA beach walk and paved dune-edge paths,medium,mapped centerlines,yes,way,1137353636
asset_paths,path,"Beach walks, access paths and Lakefront Trail segments",LineString,OSM working geometry; CPD confirms ADA beach walk and paved dune-edge paths,medium,mapped centerlines,yes,way,1148978547
asset_paths,path,"Beach walks, access paths and Lakefront Trail segments",LineString,OSM working geometry; CPD confirms ADA beach walk and paved dune-edge paths,medium,mapped centerlines,yes,way,1148978548
asset_paths,path,"Beach walks, access paths and Lakefront Trail segments",LineString,OSM working geometry; CPD confirms ADA beach walk and paved dune-edge paths,medium,mapped centerlines,yes,way,1185455027
asset_paths,path,"Beach walks, access paths and Lakefront Trail segments",LineString,OSM working geometry; CPD confirms ADA beach walk and paved dune-edge paths,medium,mapped centerlines,yes,way,1187687379
asset_paths,path,"Beach walks, access paths and Lakefront Trail segments",LineString,OSM working geometry; CPD confirms ADA beach walk and paved dune-edge paths,medium,mapped centerlines,yes,way,1187687380
asset_paths,path,"Beach walks, access paths and Lakefront Trail segments",LineString,OSM working geometry; CPD confirms ADA beach walk and paved dune-edge paths,medium,mapped centerlines,yes,way,1190188775
asset_paths,path,"Beach walks, access paths and Lakefront Trail segments",LineString,OSM working geometry; CPD confirms ADA beach walk and paved dune-edge paths,medium,mapped centerlines,yes,way,1190188776
asset_paths,path,"Beach walks, access paths and Lakefront Trail segments",LineString,OSM working geometry; CPD confirms ADA beach walk and paved dune-edge paths,medium,mapped centerlines,yes,way,1277625938
asset_paths,path,"Beach walks, access paths and Lakefront Trail segments",LineString,OSM working geometry; CPD confirms ADA beach walk and paved dune-edge paths,medium,mapped centerlines,yes,way,1277625939
asset_paths,path,"Beach walks, access paths and Lakefront Trail segments",LineString,OSM working geometry; CPD confirms ADA beach walk and paved dune-edge paths,medium,mapped centerlines,yes,way,1277625940
asset_paths,path,"Beach walks, access paths and Lakefront Trail segments",LineString,OSM working geometry; CPD confirms ADA beach walk and paved dune-edge paths,medium,mapped centerlines,yes,way,1277625942
asset_paths,path,"Beach walks, access paths and Lakefront Trail segments",LineString,OSM working geometry; CPD confirms ADA beach walk and paved dune-edge paths,medium,mapped centerlines,yes,way,1277625943
asset_paths,path,"Beach walks, access paths and Lakefront Trail segments",LineString,OSM working geometry; CPD confirms ADA beach walk and paved dune-edge paths,medium,mapped centerlines,yes,way,1277625944
asset_paths,path,"Beach walks, access paths and Lakefront Trail segments",LineString,OSM working geometry; CPD confirms ADA beach walk and paved dune-edge paths,medium,mapped centerlines,yes,way,1277625945
asset_paths,path,"Beach walks, access paths and Lakefront Trail segments",LineString,OSM working geometry; CPD confirms ADA beach walk and paved dune-edge paths,medium,mapped centerlines,yes,way,1277625947
asset_paths,path,"Beach walks, access paths and Lakefront Trail segments",LineString,OSM working geometry; CPD confirms ADA beach walk and paved dune-edge paths,medium,mapped centerlines,yes,way,1297221676
asset_paths,path,"Beach walks, access paths and Lakefront Trail segments",LineString,OSM working geometry; CPD confirms ADA beach walk and paved dune-edge paths,medium,mapped centerlines,yes,way,1297221677
asset_paths,path,"Beach walks, access paths and Lakefront Trail segments",LineString,OSM working geometry; CPD confirms ADA beach walk and paved dune-edge paths,medium,mapped centerlines,yes,way,1297221678
asset_paths,path,"Beach walks, access paths and Lakefront Trail segments",LineString,OSM working geometry; CPD confirms ADA beach walk and paved dune-edge paths,medium,mapped centerlines,yes,way,1297221700
asset_paths,path,"Beach walks, access paths and Lakefront Trail segments",LineString,OSM working geometry; CPD confirms ADA beach walk and paved dune-edge paths,medium,mapped centerlines,yes,way,1297221701
asset_paths,path,"Beach walks, access paths and Lakefront Trail segments",LineString,OSM working geometry; CPD confirms ADA beach walk and paved dune-edge paths,medium,mapped centerlines,yes,way,1297221702
asset_paths,path,"Beach walks, access paths and Lakefront Trail segments",LineString,OSM working geometry; CPD confirms ADA beach walk and paved dune-edge paths,medium,mapped centerlines,yes,way,1297221703
asset_paths,path,"Beach walks, access paths and Lakefront Trail segments",LineString,OSM working geometry; CPD confirms ADA beach walk and paved dune-edge paths,medium,mapped centerlines,yes,way,1297221704
asset_paths,path,"Beach walks, access paths and Lakefront Trail segments",LineString,OSM working geometry; CPD confirms ADA beach walk and paved dune-edge paths,medium,mapped centerlines,yes,way,1297221705
asset_paths,path,"Beach walks, access paths and Lakefront Trail segments",LineString,OSM working geometry; CPD confirms ADA beach walk and paved dune-edge paths,medium,mapped centerlines,yes,way,1297221706
asset_paths,path,"Beach walks, access paths and Lakefront Trail segments",LineString,OSM working geometry; CPD confirms ADA beach walk and paved dune-edge paths,medium,mapped centerlines,yes,way,1297256923
asset_paths,path,"Beach walks, access paths and Lakefront Trail segments",LineString,OSM working geometry; CPD confirms ADA beach walk and paved dune-edge paths,medium,mapped centerlines,yes,way,1297256925
asset_paths,path,"Beach walks, access paths and Lakefront Trail segments",LineString,OSM working geometry; CPD confirms ADA beach walk and paved dune-edge paths,medium,mapped centerlines,yes,way,1297256938
asset_paths,path,"Beach walks, access paths and Lakefront Trail segments",LineString,OSM working geometry; CPD confirms ADA beach walk and paved dune-edge paths,medium,mapped centerlines,yes,way,1297256939
asset_paths,path,"Beach walks, access paths and Lakefront Trail segments",LineString,OSM working geometry; CPD confirms ADA beach walk and paved dune-edge paths,medium,mapped centerlines,yes,way,1297256940
asset_paths,path,"Beach walks, access paths and Lakefront Trail segments",LineString,OSM working geometry; CPD confirms ADA beach walk and paved dune-edge paths,medium,mapped centerlines,yes,way,1297256941
asset_paths,path,"Beach walks, access paths and Lakefront Trail segments",LineString,OSM working geometry; CPD confirms ADA beach walk and paved dune-edge paths,medium,mapped centerlines,yes,way,1297256942
asset_paths,path,"Beach walks, access paths and Lakefront Trail segments",LineString,OSM working geometry; CPD confirms ADA beach walk and paved dune-edge paths,medium,mapped centerlines,yes,way,1297256943
asset_paths,path,"Beach walks, access paths and Lakefront Trail segments",LineString,OSM working geometry; CPD confirms ADA beach walk and paved dune-edge paths,medium,mapped centerlines,yes,way,1297256946
asset_paths,path,"Beach walks, access paths and Lakefront Trail segments",LineString,OSM working geometry; CPD confirms ADA beach walk and paved dune-edge paths,medium,mapped centerlines,yes,way,1297256948
asset_paths,path,"Beach walks, access paths and Lakefront Trail segments",LineString,OSM working geometry; CPD confirms ADA beach walk and paved dune-edge paths,medium,mapped centerlines,yes,way,1297256950
asset_paths,path,"Beach walks, access paths and Lakefront Trail segments",LineString,OSM working geometry; CPD confirms ADA beach walk and paved dune-edge paths,medium,mapped centerlines,yes,way,1297256952
asset_paths,path,"Beach walks, access paths and Lakefront Trail segments",LineString,OSM working geometry; CPD confirms ADA beach walk and paved dune-edge paths,medium,mapped centerlines,yes,way,1307504283
asset_paths,path,"Beach walks, access paths and Lakefront Trail segments",LineString,OSM working geometry; CPD confirms ADA beach walk and paved dune-edge paths,medium,mapped centerlines,yes,way,1344476697
asset_paths,path,"Beach walks, access paths and Lakefront Trail segments",LineString,OSM working geometry; CPD confirms ADA beach walk and paved dune-edge paths,medium,mapped centerlines,yes,way,1344476699
asset_paths,path,"Beach walks, access paths and Lakefront Trail segments",LineString,OSM working geometry; CPD confirms ADA beach walk and paved dune-edge paths,medium,mapped centerlines,yes,way,1346087364
asset_paths,path,"Beach walks, access paths and Lakefront Trail segments",LineString,OSM working geometry; CPD confirms ADA beach walk and paved dune-edge paths,medium,mapped centerlines,yes,way,1346087365
asset_paths,path,"Beach walks, access paths and Lakefront Trail segments",LineString,OSM working geometry; CPD confirms ADA beach walk and paved dune-edge paths,medium,mapped centerlines,yes,way,1347511070
asset_paths,path,"Beach walks, access paths and Lakefront Trail segments",LineString,OSM working geometry; CPD confirms ADA beach walk and paved dune-edge paths,medium,mapped centerlines,yes,way,1347511071
asset_paths,path,"Beach walks, access paths and Lakefront Trail segments",LineString,OSM working geometry; CPD confirms ADA beach walk and paved dune-edge paths,medium,mapped centerlines,yes,way,1347511072
asset_paths,path,"Beach walks, access paths and Lakefront Trail segments",LineString,OSM working geometry; CPD confirms ADA beach walk and paved dune-edge paths,medium,mapped centerlines,yes,way,1357066825
asset_paths,path,"Beach walks, access paths and Lakefront Trail segments",LineString,OSM working geometry; CPD confirms ADA beach walk and paved dune-edge paths,medium,mapped centerlines,yes,way,1368416449
asset_paths,path,"Beach walks, access paths and Lakefront Trail segments",LineString,OSM working geometry; CPD confirms ADA beach walk and paved dune-edge paths,medium,mapped centerlines,yes,way,1378126604
asset_paths,path,"Beach walks, access paths and Lakefront Trail segments",LineString,OSM working geometry; CPD confirms ADA beach walk and paved dune-edge paths,medium,mapped centerlines,yes,way,1378441231
asset_paths,path,"Beach walks, access paths and Lakefront Trail segments",LineString,OSM working geometry; CPD confirms ADA beach walk and paved dune-edge paths,medium,mapped centerlines,yes,way,1378455619
asset_paths,path,"Beach walks, access paths and Lakefront Trail segments",LineString,OSM working geometry; CPD confirms ADA beach walk and paved dune-edge paths,medium,mapped centerlines,yes,way,1378455620
asset_paths,path,"Beach walks, access paths and Lakefront Trail segments",LineString,OSM working geometry; CPD confirms ADA beach walk and paved dune-edge paths,medium,mapped centerlines,yes,way,1378455621
asset_paths,path,"Beach walks, access paths and Lakefront Trail segments",LineString,OSM working geometry; CPD confirms ADA beach walk and paved dune-edge paths,medium,mapped centerlines,yes,way,1387044564
asset_paths,path,"Beach walks, access paths and Lakefront Trail segments",LineString,OSM working geometry; CPD confirms ADA beach walk and paved dune-edge paths,medium,mapped centerlines,yes,way,1394452428
asset_paths,path,"Beach walks, access paths and Lakefront Trail segments",LineString,OSM working geometry; CPD confirms ADA beach walk and paved dune-edge paths,medium,mapped centerlines,yes,way,1394452429
asset_paths,path,"Beach walks, access paths and Lakefront Trail segments",LineString,OSM working geometry; CPD confirms ADA beach walk and paved dune-edge paths,medium,mapped centerlines,yes,way,1394452430
asset_paths,path,"Beach walks, access paths and Lakefront Trail segments",LineString,OSM working geometry; CPD confirms ADA beach walk and paved dune-edge paths,medium,mapped centerlines,yes,way,1394452431
asset_paths,path,"Beach walks, access paths and Lakefront Trail segments",LineString,OSM working geometry; CPD confirms ADA beach walk and paved dune-edge paths,medium,mapped centerlines,yes,way,1394452432
asset_paths,path,"Beach walks, access paths and Lakefront Trail segments",LineString,OSM working geometry; CPD confirms ADA beach walk and paved dune-edge paths,medium,mapped centerlines,yes,way,1394452433
asset_paths,path,"Beach walks, access paths and Lakefront Trail segments",LineString,OSM working geometry; CPD confirms ADA beach walk and paved dune-edge paths,medium,mapped centerlines,yes,way,1394452435
asset_paths,path,"Beach walks, access paths and Lakefront Trail segments",LineString,OSM working geometry; CPD confirms ADA beach walk and paved dune-edge paths,medium,mapped centerlines,yes,way,1409643306
asset_paths,path,"Beach walks, access paths and Lakefront Trail segments",LineString,OSM working geometry; CPD confirms ADA beach walk and paved dune-edge paths,medium,mapped centerlines,yes,way,1409643307
asset_paths,path,"Beach walks, access paths and Lakefront Trail segments",LineString,OSM working geometry; CPD confirms ADA beach walk and paved dune-edge paths,medium,mapped centerlines,yes,way,1409643310
asset_paths,path,"Beach walks, access paths and Lakefront Trail segments",LineString,OSM working geometry; CPD confirms ADA beach walk and paved dune-edge paths,medium,mapped centerlines,yes,way,1409643312
asset_paths,path,"Beach walks, access paths and Lakefront Trail segments",LineString,OSM working geometry; CPD confirms ADA beach walk and paved dune-edge paths,medium,mapped centerlines,yes,way,1409643313
asset_paths,path,"Beach walks, access paths and Lakefront Trail segments",LineString,OSM working geometry; CPD confirms ADA beach walk and paved dune-edge paths,medium,mapped centerlines,yes,way,1409643314
asset_paths,path,"Beach walks, access paths and Lakefront Trail segments",LineString,OSM working geometry; CPD confirms ADA beach walk and paved dune-edge paths,medium,mapped centerlines,yes,way,1409643315
asset_paths,path,"Beach walks, access paths and Lakefront Trail segments",LineString,OSM working geometry; CPD confirms ADA beach walk and paved dune-edge paths,medium,mapped centerlines,yes,way,1409643316
asset_paths,path,"Beach walks, access paths and Lakefront Trail segments",LineString,OSM working geometry; CPD confirms ADA beach walk and paved dune-edge paths,medium,mapped centerlines,yes,way,1409643317
asset_paths,path,"Beach walks, access paths and Lakefront Trail segments",LineString,OSM working geometry; CPD confirms ADA beach walk and paved dune-edge paths,medium,mapped centerlines,yes,way,1415825013
asset_paths,path,"Beach walks, access paths and Lakefront Trail segments",LineString,OSM working geometry; CPD confirms ADA beach walk and paved dune-edge paths,medium,mapped centerlines,yes,way,1420425286
asset_paths,path,"Beach walks, access paths and Lakefront Trail segments",LineString,OSM working geometry; CPD confirms ADA beach walk and paved dune-edge paths,medium,mapped centerlines,yes,way,1420425287
asset_paths,path,"Beach walks, access paths and Lakefront Trail segments",LineString,OSM working geometry; CPD confirms ADA beach walk and paved dune-edge paths,medium,mapped centerlines,yes,way,1420425288
asset_paths,path,"Beach walks, access paths and Lakefront Trail segments",LineString,OSM working geometry; CPD confirms ADA beach walk and paved dune-edge paths,medium,mapped centerlines,yes,way,1420425289
asset_paths,path,"Beach walks, access paths and Lakefront Trail segments",LineString,OSM working geometry; CPD confirms ADA beach walk and paved dune-edge paths,medium,mapped centerlines,yes,way,1420425290
asset_paths,path,"Beach walks, access paths and Lakefront Trail segments",LineString,OSM working geometry; CPD confirms ADA beach walk and paved dune-edge paths,medium,mapped centerlines,yes,way,1420425291
asset_paths,path,"Beach walks, access paths and Lakefront Trail segments",LineString,OSM working geometry; CPD confirms ADA beach walk and paved dune-edge paths,medium,mapped centerlines,yes,way,1420425292
asset_paths,path,"Beach walks, access paths and Lakefront Trail segments",LineString,OSM working geometry; CPD confirms ADA beach walk and paved dune-edge paths,medium,mapped centerlines,yes,way,1420425293
asset_paths,path,"Beach walks, access paths and Lakefront Trail segments",Polygon,OSM working geometry; CPD confirms ADA beach walk and paved dune-edge paths,medium,mapped centerlines,yes,way,1420425294
asset_paths,path,"Beach walks, access paths and Lakefront Trail segments",LineString,OSM working geometry; CPD confirms ADA beach walk and paved dune-edge paths,medium,mapped centerlines,yes,way,1442905275
asset_paths,path,"Beach walks, access paths and Lakefront Trail segments",LineString,OSM working geometry; CPD confirms ADA beach walk and paved dune-edge paths,medium,mapped centerlines,yes,way,1443725557
asset_paths,path,"Beach walks, access paths and Lakefront Trail segments",LineString,OSM working geometry; CPD confirms ADA beach walk and paved dune-edge paths,medium,mapped centerlines,yes,way,1443725558
asset_paths,path,"Beach walks, access paths and Lakefront Trail segments",LineString,OSM working geometry; CPD confirms ADA beach walk and paved dune-edge paths,medium,mapped centerlines,yes,way,1443725560
asset_paths,path,"Beach walks, access paths and Lakefront Trail segments",LineString,OSM working geometry; CPD confirms ADA beach walk and paved dune-edge paths,medium,mapped centerlines,yes,way,1443725561
asset_paths,path,"Beach walks, access paths and Lakefront Trail segments",LineString,OSM working geometry; CPD confirms ADA beach walk and paved dune-edge paths,medium,mapped centerlines,yes,way,1443788974
asset_paths,path,"Beach walks, access paths and Lakefront Trail segments",LineString,OSM working geometry; CPD confirms ADA beach walk and paved dune-edge paths,medium,mapped centerlines,yes,way,1446950432
asset_paths,path,"Beach walks, access paths and Lakefront Trail segments",LineString,OSM working geometry; CPD confirms ADA beach walk and paved dune-edge paths,medium,mapped centerlines,yes,way,1446950433
asset_paths,path,"Beach walks, access paths and Lakefront Trail segments",LineString,OSM working geometry; CPD confirms ADA beach walk and paved dune-edge paths,medium,mapped centerlines,yes,way,1446950434
asset_paths,path,"Beach walks, access paths and Lakefront Trail segments",LineString,OSM working geometry; CPD confirms ADA beach walk and paved dune-edge paths,medium,mapped centerlines,yes,way,1446956889
asset_paths,path,"Beach walks, access paths and Lakefront Trail segments",LineString,OSM working geometry; CPD confirms ADA beach walk and paved dune-edge paths,medium,mapped centerlines,yes,way,1446956890
asset_paths,path,"Beach walks, access paths and Lakefront Trail segments",LineString,OSM working geometry; CPD confirms ADA beach walk and paved dune-edge paths,medium,mapped centerlines,yes,way,1446956891
asset_paths,path,"Beach walks, access paths and Lakefront Trail segments",LineString,OSM working geometry; CPD confirms ADA beach walk and paved dune-edge paths,medium,mapped centerlines,yes,way,1446956892
asset_paths,path,"Beach walks, access paths and Lakefront Trail segments",LineString,OSM working geometry; CPD confirms ADA beach walk and paved dune-edge paths,medium,mapped centerlines,yes,way,1446956893
asset_paths,path,"Beach walks, access paths and Lakefront Trail segments",LineString,OSM working geometry; CPD confirms ADA beach walk and paved dune-edge paths,medium,mapped centerlines,yes,way,1446956894
asset_paths,path,"Beach walks, access paths and Lakefront Trail segments",LineString,OSM working geometry; CPD confirms ADA beach walk and paved dune-edge paths,medium,mapped centerlines,yes,way,1446956895
asset_paths,path,"Beach walks, access paths and Lakefront Trail segments",LineString,OSM working geometry; CPD confirms ADA beach walk and paved dune-edge paths,medium,mapped centerlines,yes,way,1446956900
asset_paths,path,"Beach walks, access paths and Lakefront Trail segments",LineString,OSM working geometry; CPD confirms ADA beach walk and paved dune-edge paths,medium,mapped centerlines,yes,way,1446956901
asset_paths,path,"Beach walks, access paths and Lakefront Trail segments",LineString,OSM working geometry; CPD confirms ADA beach walk and paved dune-edge paths,medium,mapped centerlines,yes,way,1446956902
asset_paths,path,"Beach walks, access paths and Lakefront Trail segments",LineString,OSM working geometry; CPD confirms ADA beach walk and paved dune-edge paths,medium,mapped centerlines,yes,way,1446956906
asset_paths,path,"Beach walks, access paths and Lakefront Trail segments",LineString,OSM working geometry; CPD confirms ADA beach walk and paved dune-edge paths,medium,mapped centerlines,yes,way,1446958576
asset_paths,path,"Beach walks, access paths and Lakefront Trail segments",LineString,OSM working geometry; CPD confirms ADA beach walk and paved dune-edge paths,medium,mapped centerlines,yes,way,1459438952
asset_paths,path,"Beach walks, access paths and Lakefront Trail segments",LineString,OSM working geometry; CPD confirms ADA beach walk and paved dune-edge paths,medium,mapped centerlines,yes,way,1459438953
asset_paths,path,"Beach walks, access paths and Lakefront Trail segments",LineString,OSM working geometry; CPD confirms ADA beach walk and paved dune-edge paths,medium,mapped centerlines,yes,way,1459438954
asset_paths,path,"Beach walks, access paths and Lakefront Trail segments",LineString,OSM working geometry; CPD confirms ADA beach walk and paved dune-edge paths,medium,mapped centerlines,yes,way,1510592756
asset_paths,path,"Beach walks, access paths and Lakefront Trail segments",LineString,OSM working geometry; CPD confirms ADA beach walk and paved dune-edge paths,medium,mapped centerlines,yes,way,1524467776
asset_paths,path,"Beach walks, access paths and Lakefront Trail segments",LineString,OSM working geometry; CPD confirms ADA beach walk and paved dune-edge paths,medium,mapped centerlines,yes,way,1524467777
asset_paths,path,"Beach walks, access paths and Lakefront Trail segments",LineString,OSM working geometry; CPD confirms ADA beach walk and paved dune-edge paths,medium,mapped centerlines,yes,way,1524467778
asset_paths,path,"Beach walks, access paths and Lakefront Trail segments",LineString,OSM working geometry; CPD confirms ADA beach walk and paved dune-edge paths,medium,mapped centerlines,yes,way,1524468670
asset_paths,path,"Beach walks, access paths and Lakefront Trail segments",LineString,OSM working geometry; CPD confirms ADA beach walk and paved dune-edge paths,medium,mapped centerlines,yes,way,1524468675
asset_safety_buoys,safety buoy,Candidate 64th Street buoy positions,Point,CPD confirms distance swimming between first and third buoys; OSM supplies candidate points,medium,individual mapped point,yes,node,12018878419
asset_safety_buoys,safety buoy,Candidate 64th Street buoy positions,Point,CPD confirms distance swimming between first and third buoys; OSM supplies candidate points,medium,individual mapped point,yes,node,12018878420
asset_safety_buoys,safety buoy,Candidate 64th Street buoy positions,Point,CPD confirms distance swimming between first and third buoys; OSM supplies candidate points,medium,individual mapped point,yes,node,12018878421
asset_safety_buoys,safety buoy,Candidate 64th Street buoy positions,Point,CPD confirms distance swimming between first and third buoys; OSM supplies candidate points,medium,individual mapped point,yes,node,12018878422
asset_safety_references,lifeguard office,Lifeguard office / beach wheelchair checkout,Point,CPD facility page,high,associated with Beach House; interior location not mapped,yes,,
asset_safety_references,life ring coverage,Life ring #025 coverage: 59th to 63rd Street Beach,Point,CPD Beaches / Life Ring Locations,high,generalized symbol; exact cabinet coordinate unpublished,yes,,
asset_safety_references,swimming area,Designated swimming area - limits set operationally,Point,CPD beach page,high,generalized symbol; buoy line/seasonal limits require field verification,yes,,
asset_safety_references,distance swimming,"64th Street distance swimming, parallel to shore between 1st and 3rd buoys",Point,CPD beach page,high,generalized reference; buoy numbering unpublished in GIS,yes,,
